KeyCol;engine;exterior color;interior color;stock #;transmission
1;2.0l;blue flame;black;168688;manual
2;2.0l;blue flame;black;168688;manual
3;2.0l;blue flame;black;168688;manual
4;2.0l;blue flame;black;168688;manual
5;2.0l;blue flame;black;168688;manual
6;2.0l;blue flame;black;168688;manual
7;2.0l;blue flame;black;168688;manual
8;2.0l;blue flame;black;168688;manual
9;2.0l;blue flame;black;168688;manual
10;4.3l;graystone metallic;medium gray;122031;automatic
11;4.3l;graystone metallic;medium gray;122031;automatic
12;3.8l;white satin pearl;cashmere;221524;automatic
13;4.3l;graystone metallic;medium gray;122031;automatic
14;2.0l;green opal;graphite;078909;automatic
15;2.5l;nouveau ruby pearl;charcoal;211386;automatic
16;3.3l;gold rush metallic;sage;577242;automatic
17;2.0l;chilipepper red;black;040555;automatic
18;2.0l;green opal;graphite;078909;automatic
19;4.3l;graystone metallic;medium gray;122031;automatic
20;2.0l;green opal;graphite;078909;automatic
21;2.0l;green opal;graphite;078909;automatic
22;3.5l;super black;charcoal;113477;automatic
23;2.0l;chilipepper red;black;040555;automatic
24;4.3l;graystone metallic;medium gray;122031;automatic
25;4.3l;graystone metallic;medium gray;122031;automatic
26;2.0l;chilipepper red;black;040555;automatic
27;2.0l;green opal;graphite;078909;automatic
28;2.5l;nouveau ruby pearl;charcoal;211386;automatic
29;1.6l;gray;gray;083277r;manual
30;3.6l;techno gray;black;556767;automatic
31;4.3l;blue;tan;125595;automatic
32;4.3l;graystone metallic;medium gray;122031;automatic
33;3.6l;techno gray;black;556767;automatic
34;5.8;black mica;;a51108;automatic
35;3.0l;diamond white pearl;tan;232589;automatic
36;2.0l;chilipepper red;black;040555;automatic
37;2.0l;green opal;graphite;078909;automatic
38;1.6l;gray;gray;083277r;manual
39;3.8l;linen gold metallic pearl;dk khaki/lt graystone;866592;automatic
40;3.3l;gold rush metallic;sage;577242;automatic
41;2.0l;green opal;graphite;078909;automatic
42;3.6l;techno gray;black;556767;automatic
43;4.3l;graystone metallic;medium gray;122031;automatic
44;2.0l;chilipepper red;black;040555;automatic
45;2.0l;blue flame;black;168688;manual
46;2.0l;chilipepper red;black;040555;automatic
47;2.0l;blue flame;black;168688;manual
48;2.0l;blue flame;black;168688;manual
49;2.0l;green opal;graphite;078909;automatic
50;2.0l;chilipepper red;black;040555;automatic
51;3.6l;techno gray;black;556767;automatic
52;2.0l;chilipepper red;black;040555;automatic
53;3.6l;techno gray;black;556767;automatic
54;3.4;black;gray;141539;manual
55;3.3l;gold rush metallic;sage;577242;automatic
56;4.3l;graystone metallic;medium gray;122031;automatic
57;3.6l;techno gray;black;556767;automatic
58;4.3l;graystone metallic;medium gray;122031;automatic
59;4.3l;graystone metallic;medium gray;122031;automatic
60;4.3l;graystone metallic;medium gray;122031;automatic
61;2.0l;blue flame;black;168688;manual
62;3.6l;techno gray;black;556767;automatic
63;2.0l;chilipepper red;black;040555;automatic
64;4.3l;blue;tan;125595;automatic
65;2.0l;green opal;graphite;078909;automatic
66;2.0l;chilipepper red;black;040555;automatic
67;2.0l;green opal;graphite;078909;automatic
68;2.3l;azure gray metallic;black;354132;automatic
69;3.6l;techno gray;black;556767;automatic
70;2.0l;green opal;graphite;078909;automatic
71;2.3l;green;gray;142573;automatic
72;4.3l;graystone metallic;medium gray;122031;automatic
73;2.0l;green opal;graphite;078909;automatic
74;3.6l;techno gray;black;556767;automatic
75;2.0l;black;gray;781953;manual
76;3.6l;techno gray;black;556767;automatic
77;2.0l;blue flame;black;168688;manual
78;3.3l;gold rush metallic;sage;577242;automatic
79;2.0l;chilipepper red;black;040555;automatic
80;2.0l;green opal;graphite;078909;automatic
81;1.6l;gray;gray;083277r;manual
82;2.0l;green opal;graphite;078909;automatic
83;2.0l;chilipepper red;black;040555;automatic
84;2.0l;chilipepper red;black;040555;automatic
85;3.8l;linen gold metallic pearl;dk khaki/lt graystone;866592;automatic
86;2.0l;blue flame;black;168688;manual
87;3.6l;techno gray;black;556767;automatic
88;3.8l;white satin pearl;cashmere;221524;automatic
89;3.6l;black;black;717534;manual
90;3.0l;diamond white pearl;tan;232589;automatic
91;2.3l;green;gray;142573;automatic
92;2.0l;green opal;graphite;078909;automatic
93;3.8l;linen gold metallic pearl;dk khaki/lt graystone;866592;automatic
94;3.6l;techno gray;black;556767;automatic
95;2.0l;blue flame;black;168688;manual
96;2.0l;chilipepper red;black;040555;automatic
97;3.4;black;gray;141539;manual
98;3.6l;techno gray;black;556767;automatic
99;3.4;black;gray;141539;manual
100;3.0l;diamond white pearl;tan;232589;automatic
101;4.6l;baltic blue;blue;745695;automatic
102;3.0l;diamond white pearl;tan;232589;automatic
103;2.0l;chilipepper red;black;040555;automatic
104;4.3l;graystone metallic;medium gray;122031;automatic
105;2.0l;blue flame;black;168688;manual
106;2.0l;green opal;graphite;078909;automatic
107;2.0l;blue flame;black;168688;manual
108;4.6l;baltic blue;blue;745695;automatic
109;3.0l;solano black pearl;beige;002947;automatic
110;2.0l;chilipepper red;black;040555;automatic
111;3.6l;techno gray;black;556767;automatic
112;4.3l;blue;tan;125595;automatic
113;3.6l;techno gray;black;556767;automatic
114;4.3l;graystone metallic;medium gray;122031;automatic
115;2.0l;chilipepper red;black;040555;automatic
116;3.0l;burnished gold metallic;ivory;126946;automatic
117;4.3l;graystone metallic;medium gray;122031;automatic
118;2.0l;green opal;graphite;078909;automatic
119;4.3l;graystone metallic;medium gray;122031;automatic
120;3.6l;techno gray;black;556767;automatic
121;3.0l;burnished gold metallic;ivory;126946;automatic
122;2.0l;green opal;graphite;078909;automatic
123;5.4l;black;dove grey;j20392;automatic
124;4.6l;baltic blue;blue;745695;automatic
125;3.6l;techno gray;black;556767;automatic
126;2.0l;blue flame;black;168688;manual
127;4.3l;graystone metallic;medium gray;122031;automatic
128;2.0l;green opal;graphite;078909;automatic
129;5.4l;black;dove grey;j20392;automatic
130;3.6l;techno gray;black;556767;automatic
131;2.0l;chilipepper red;black;040555;automatic
132;2.0l;blue flame;black;168688;manual
133;2.0l;green opal;graphite;078909;automatic
134;4.6l;baltic blue;blue;745695;automatic
135;2.0l;chilipepper red;black;040555;automatic
136;4.6l;baltic blue;blue;745695;automatic
137;2.0l;chilipepper red;black;040555;automatic
138;4.3l;graystone metallic;medium gray;122031;automatic
139;4.3l;blue;tan;125595;automatic
140;3.0l;burnished gold metallic;ivory;126946;automatic
141;3.6l;techno gray;black;556767;automatic
142;4.3l;graystone metallic;medium gray;122031;automatic
143;2.4l;bright red;tan;251467;automatic
144;3.6l;techno gray;black;556767;automatic
145;3.0l;diamond white pearl;tan;232589;automatic
146;5.4l;black;dove grey;j20392;automatic
147;4.3l;blue;tan;125595;automatic
148;2.5l;nouveau ruby pearl;charcoal;211386;automatic
149;4.6l;baltic blue;blue;745695;automatic
150;3.4l;silver diamond;;153145;automatic
151;4.3l;blue;tan;125595;automatic
152;1.8l;raven black pearl;ebony;068726;manual
153;5.4l;black;dove grey;j20392;automatic
154;1.8l;raven black pearl;ebony;068726;manual
155;2.3l;green;gray;142573;automatic
156;3.4l;silver diamond;;153145;automatic
157;2.5l;nouveau ruby pearl;charcoal;211386;automatic
158;4.3l;blue;tan;125595;automatic
159;3.3l;gold rush metallic;sage;577242;automatic
160;2.3l;green;gray;142573;automatic
161;3.9l;tan;black;850758;automatic
162;4.3l;blue;tan;125595;automatic
163;1.6l;gray;gray;083277r;manual
164;2.3l;green;gray;142573;automatic
165;3.4;black;gray;141539;manual
166;2.4l;black sapphire metallic;graphite;047935;automatic
167;2.3l;green;gray;142573;automatic
168;3.3l;gold rush metallic;sage;577242;automatic
169;3.0l;diamond white pearl;tan;232589;automatic
170;3.5l;super black;charcoal;113477;automatic
171;5.8;black mica;;a51108;automatic
172;3.0l;solano black pearl;beige;002947;automatic
173;3.3l;gold rush metallic;sage;577242;automatic
174;3.0l;diamond white pearl;tan;232589;automatic
175;5.8;black mica;;a51108;automatic
176;3.8l;linen gold metallic pearl;dk khaki/lt graystone;866592;automatic
177;3.0l;burnished gold metallic;ivory;126946;automatic
178;2.3l;green;gray;142573;automatic
179;2.3l;green;gray;142573;automatic
180;2.3l;azure gray metallic;black;354132;automatic
181;3.5l;super black;charcoal;113477;automatic
182;5.8;black mica;;a51108;automatic
183;3.0l;burnished gold metallic;ivory;126946;automatic
184;3.3l;gold rush metallic;sage;577242;automatic
185;3.0l;diamond white pearl;tan;232589;automatic
186;5.4l;black;dove grey;j20392;automatic
187;3.5l;super black;charcoal;113477;automatic
188;4.6l;baltic blue;blue;745695;automatic
189;3.5l;super black;charcoal;113477;automatic
190;3.0l;solano black pearl;beige;002947;automatic
191;5.4l;black;dove grey;j20392;automatic
192;3.4;black;gray;141539;manual
193;3.4;black;gray;141539;manual
194;1.8l;raven black pearl;ebony;068726;manual
195;3.0l;solano black pearl;beige;002947;automatic
196;3.4l;silver diamond;;153145;automatic
197;3.4l;silver diamond;;153145;automatic
198;1.6l;gray;gray;083277r;manual
199;3.0l;solano black pearl;beige;002947;automatic
200;3.9l;tan;black;850758;automatic
201;2.5l;nouveau ruby pearl;charcoal;211386;automatic
202;5.4l;black;dove grey;j20392;automatic
203;3.8l;linen gold metallic pearl;dk khaki/lt graystone;866592;automatic
204;2.5l;nouveau ruby pearl;charcoal;211386;automatic
205;3.4;black;gray;141539;manual
206;3.0l;diamond white pearl;tan;232589;automatic
207;2.4l;black sapphire metallic;graphite;047935;automatic
208;1.8l;raven black pearl;ebony;068726;manual
209;2.3l;green;gray;142573;automatic
210;4.6l;baltic blue;blue;745695;automatic
211;2.3l;green;gray;142573;automatic
212;1.6l;gray;gray;083277r;manual
213;2.3l;green;gray;142573;automatic
214;5.4l;black;dove grey;j20392;automatic
215;5.4l;black;dove grey;j20392;automatic
216;5.8;black mica;;a51108;automatic
217;1.6l;gray;gray;083277r;manual
218;3.4l;silver diamond;;153145;automatic
219;3.4;black;gray;141539;manual
220;3.3l;gold rush metallic;sage;577242;automatic
221;3.0l;burnished gold metallic;ivory;126946;automatic
222;5.4l;black;dove grey;j20392;automatic
223;3.0l;diamond white pearl;tan;232589;automatic
224;3.3l;gold rush metallic;sage;577242;automatic
225;3.8l;linen gold metallic pearl;dk khaki/lt graystone;866592;automatic
226;3.0l;burnished gold metallic;ivory;126946;automatic
227;3.9l;tan;black;850758;automatic
228;3.0l;solano black pearl;beige;002947;automatic
229;4.3l;blue;tan;125595;automatic
230;3.9l;tan;black;850758;automatic
231;3.3l;gold rush metallic;sage;577242;automatic
232;5.8;black mica;;a51108;automatic
233;3.0l;solano black pearl;beige;002947;automatic
234;3.8l;linen gold metallic pearl;dk khaki/lt graystone;866592;automatic
235;1.6l;gray;gray;083277r;manual
236;3.0l;burnished gold metallic;ivory;126946;automatic
237;3.0l;solano black pearl;beige;002947;automatic
238;2.4l;black sapphire metallic;graphite;047935;automatic
239;1.6l;gray;gray;083277r;manual
240;5.4l;black;dove grey;j20392;automatic
241;2.5l;nouveau ruby pearl;charcoal;211386;automatic
242;5.8;black mica;;a51108;automatic
243;3.4l;silver diamond;;153145;automatic
244;5.8;black mica;;a51108;automatic
245;2.5l;nouveau ruby pearl;charcoal;211386;automatic
246;3.5l;super black;charcoal;113477;automatic
247;3.4l;silver diamond;;153145;automatic
248;3.5l;super black;charcoal;113477;automatic
249;3.8l;linen gold metallic pearl;dk khaki/lt graystone;866592;automatic
250;2.3l;green;gray;142573;automatic
251;3.9l;tan;black;850758;automatic
252;1.8l;raven black pearl;ebony;068726;manual
253;2.5l;nouveau ruby pearl;charcoal;211386;automatic
254;3.0l;solano black pearl;beige;002947;automatic
255;3.8l;linen gold metallic pearl;dk khaki/lt graystone;866592;automatic
256;1.8l;raven black pearl;ebony;068726;manual
257;1.6l;gray;gray;083277r;manual
258;3.9l;tan;black;850758;automatic
259;2.5l;nouveau ruby pearl;charcoal;211386;automatic
260;2.3l;green;gray;142573;automatic
261;3.8l;linen gold metallic pearl;dk khaki/lt graystone;866592;automatic
262;5.4l;black;dove grey;j20392;automatic
263;4.6l;baltic blue;blue;745695;automatic
264;2.4l;black sapphire metallic;graphite;047935;automatic
265;2.5l;nouveau ruby pearl;charcoal;211386;automatic
266;3.0l;solano black pearl;beige;002947;automatic
267;4.6l;baltic blue;blue;745695;automatic
268;3.0l;solano black pearl;beige;002947;automatic
269;4.3l;blue;tan;125595;automatic
270;3.3l;gold rush metallic;sage;577242;automatic
271;1.6l;gray;gray;083277r;manual
272;3.3l;gold rush metallic;sage;577242;automatic
273;4.6l;baltic blue;blue;745695;automatic
274;1.8l;raven black pearl;ebony;068726;manual
275;3.4;black;gray;141539;manual
276;2.5l;nouveau ruby pearl;charcoal;211386;automatic
277;3.5l;super black;charcoal;113477;automatic
278;2.4l;black sapphire metallic;graphite;047935;automatic
279;1.6l;gray;gray;083277r;manual
280;3.5l;super black;charcoal;113477;automatic
281;1.8l;raven black pearl;ebony;068726;manual
282;2.5l;nouveau ruby pearl;charcoal;211386;automatic
283;4.6l;baltic blue;blue;745695;automatic
284;3.0l;diamond white pearl;tan;232589;automatic
285;2.4l;black sapphire metallic;graphite;047935;automatic
286;3.8l;linen gold metallic pearl;dk khaki/lt graystone;866592;automatic
287;5.8;black mica;;a51108;automatic
288;3.0l;diamond white pearl;tan;232589;automatic
289;3.0l;diamond white pearl;tan;232589;automatic
290;2.3l;green;gray;142573;automatic
291;4.6l;baltic blue;blue;745695;automatic
292;4.3l;blue;tan;125595;automatic
293;3.0l;solano black pearl;beige;002947;automatic
294;1.8l;raven black pearl;ebony;068726;manual
295;1.6l;gray;gray;083277r;manual
296;2.5l;nouveau ruby pearl;charcoal;211386;automatic
297;3.8l;linen gold metallic pearl;dk khaki/lt graystone;866592;automatic
298;3.4l;silver diamond;;153145;automatic
299;2.3l;azure gray metallic;black;354132;automatic
300;1.6l;gray;gray;083277r;manual
301;3.8l;linen gold metallic pearl;dk khaki/lt graystone;866592;automatic
302;3.9l;tan;black;850758;automatic
303;2.3l;azure gray metallic;black;354132;automatic
304;3.0l;burnished gold metallic;ivory;126946;automatic
305;3.9l;tan;black;850758;automatic
306;4.3l;blue;tan;125595;automatic
307;3.0l;burnished gold metallic;ivory;126946;automatic
308;4.6l;baltic blue;blue;745695;automatic
309;5.4l;black;dove grey;j20392;automatic
310;2.5l;nouveau ruby pearl;charcoal;211386;automatic
311;2.3l;green;gray;142573;automatic
312;1.8l;raven black pearl;ebony;068726;manual
313;3.4;black;gray;141539;manual
314;3.8l;linen gold metallic pearl;dk khaki/lt graystone;866592;automatic
315;3.8l;linen gold metallic pearl;dk khaki/lt graystone;866592;automatic
316;2.5l;nouveau ruby pearl;charcoal;211386;automatic
317;3.9l;tan;black;850758;automatic
318;3.8l;linen gold metallic pearl;dk khaki/lt graystone;866592;automatic
319;5.8;black mica;;a51108;automatic
320;3.0l;solano black pearl;beige;002947;automatic
321;1.6l;gray;gray;083277r;manual
322;5.8;black mica;;a51108;automatic
323;2.5l;nouveau ruby pearl;charcoal;211386;automatic
324;5.4l;black;dove grey;j20392;automatic
325;3.4l;silver diamond;;153145;automatic
326;4.4l;java black;beige;300905;automatic
327;3.9l;tan;black;850758;automatic
328;3.9l;tan;black;850758;automatic
329;3.4l;silver diamond;;153145;automatic
330;3.8l;linen gold metallic pearl;dk khaki/lt graystone;866592;automatic
331;4.4l;java black;beige;300905;automatic
332;2.4l;black sapphire metallic;graphite;047935;automatic
333;3.3l;gold rush metallic;sage;577242;automatic
334;4.6l;baltic blue;blue;745695;automatic
335;4.3l;blue;tan;125595;automatic
336;3.4;black;gray;141539;manual
337;3.0l;diamond white pearl;tan;232589;automatic
338;2.3l;green;gray;142573;automatic
339;2.3l;green;gray;142573;automatic
340;3.3l;gold rush metallic;sage;577242;automatic
341;4.6l;baltic blue;blue;745695;automatic
342;3.4l;silver diamond;;153145;automatic
343;2.3l;azure gray metallic;black;354132;automatic
344;3.4;black;gray;141539;manual
345;5.4l;black;dove grey;j20392;automatic
346;3.4;black;gray;141539;manual
347;2.3l;green;gray;142573;automatic
348;3.9l;tan;black;850758;automatic
349;3.5l;super black;charcoal;113477;automatic
350;4.3l;blue;tan;125595;automatic
351;5.8;black mica;;a51108;automatic
352;3.3l;gold rush metallic;sage;577242;automatic
353;3.0l;diamond white pearl;tan;232589;automatic
354;3.4;black;gray;141539;manual
355;3.5l;super black;charcoal;113477;automatic
356;1.6l;gray;gray;083277r;manual
357;4.6l;baltic blue;blue;745695;automatic
358;3.5l;super black;charcoal;113477;automatic
359;5.4l;black;dove grey;j20392;automatic
360;5.8;black mica;;a51108;automatic
361;3.0l;solano black pearl;beige;002947;automatic
362;1.6l;gray;gray;083277r;manual
363;3.0l;burnished gold metallic;ivory;126946;automatic
364;3.0l;solano black pearl;beige;002947;automatic
365;5.8;black mica;;a51108;automatic
366;3.5l;super black;charcoal;113477;automatic
367;3.0l;solano black pearl;beige;002947;automatic
368;1.6l;gray;gray;083277r;manual
369;3.4;black;gray;141539;manual
370;2.3l;green;gray;142573;automatic
371;5.8;black mica;;a51108;automatic
372;3.9l;tan;black;850758;automatic
373;3.5l;super black;charcoal;113477;automatic
374;1.8l;raven black pearl;ebony;068726;manual
375;3.4l;silver diamond;;153145;automatic
376;5.4l;black;dove grey;j20392;automatic
377;3.9l;tan;black;850758;automatic
378;3.3l;gold rush metallic;sage;577242;automatic
379;3.9l;tan;black;850758;automatic
380;3.0l;solano black pearl;beige;002947;automatic
381;5.4l;black;dove grey;j20392;automatic
382;5.8;black mica;;a51108;automatic
383;3.9l;tan;black;850758;automatic
384;4.3l;blue;tan;125595;automatic
385;2.5l;nouveau ruby pearl;charcoal;211386;automatic
386;1.8l;raven black pearl;ebony;068726;manual
387;1.6l;gray;gray;083277r;manual
388;2.4l;black sapphire metallic;graphite;047935;automatic
389;3.3l;gold rush metallic;sage;577242;automatic
390;3.0l;solano black pearl;beige;002947;automatic
391;3.0l;diamond white pearl;tan;232589;automatic
392;1.8l;raven black pearl;ebony;068726;manual
393;4.3l;blue;tan;125595;automatic
394;3.4;black;gray;141539;manual
395;1.6l;gray;gray;083277r;manual
396;2.3l;green;gray;142573;automatic
397;3.4l;silver diamond;;153145;automatic
398;3.5l;super black;charcoal;113477;automatic
399;5.8;black mica;;a51108;automatic
400;3.4;black;gray;141539;manual
401;2.5l;nouveau ruby pearl;charcoal;211386;automatic
402;4.6l;baltic blue;blue;745695;automatic
403;3.4l;silver diamond;;153145;automatic
404;3.3l;gold rush metallic;sage;577242;automatic
405;5.8;black mica;;a51108;automatic
406;3.5l;super black;charcoal;113477;automatic
407;3.4;black;gray;141539;manual
408;1.8l;raven black pearl;ebony;068726;manual
409;3.0l;diamond white pearl;tan;232589;automatic
410;3.4;black;gray;141539;manual
411;4.6l;baltic blue;blue;745695;automatic
412;4.3l;blue;tan;125595;automatic
413;3.0l;diamond white pearl;tan;232589;automatic
414;4.3l;blue;tan;125595;automatic
415;2.3l;azure gray metallic;black;354132;automatic
416;2.3l;azure gray metallic;black;354132;automatic
417;3.5l;super black;charcoal;113477;automatic
418;1.8l;raven black pearl;ebony;068726;manual
419;3.3l;gold rush metallic;sage;577242;automatic
420;3.0l;diamond white pearl;tan;232589;automatic
421;5.8;black mica;;a51108;automatic
422;3.4;black;gray;141539;manual
423;3.5l;super black;charcoal;113477;automatic
424;2.3l;azure gray metallic;black;354132;automatic
425;3.8l;linen gold metallic pearl;dk khaki/lt graystone;866592;automatic
426;5.8;black mica;;a51108;automatic
427;3.9l;tan;black;850758;automatic
428;5.4l;black;dove grey;j20392;automatic
429;3.4l;silver diamond;;153145;automatic
430;3.0l;solano black pearl;beige;002947;automatic
431;1.8l;raven black pearl;ebony;068726;manual
432;4.3l;blue;tan;125595;automatic
433;3.5l;super black;charcoal;113477;automatic
434;3.9l;tan;black;850758;automatic
435;3.0l;solano black pearl;beige;002947;automatic
436;2.5l;nouveau ruby pearl;charcoal;211386;automatic
437;4.3l;blue;tan;125595;automatic
438;3.0l;diamond white pearl;tan;232589;automatic
439;1.8l;raven black pearl;ebony;068726;manual
440;3.0l;burnished gold metallic;ivory;126946;automatic
441;3.4l;silver diamond;;153145;automatic
442;3.8l;linen gold metallic pearl;dk khaki/lt graystone;866592;automatic
443;3.8l;linen gold metallic pearl;dk khaki/lt graystone;866592;automatic
444;5.4l;black;dove grey;j20392;automatic
445;4.6l;baltic blue;blue;745695;automatic
446;3.5l;super black;charcoal;113477;automatic
447;2.9l;yellow;gray;192870;automatic
448;2.2l;;;169255;automatic
449;1.6l;super black;sandstone;890648;variable
450;2.0l;smoke beige metallic;parchment;103837;automatic
451;2.2l;;;169255;automatic
452;2.9l;yellow;gray;192870;automatic
453;2.9l;yellow;gray;192870;automatic
454;4.0l;aspen green metallic;beige;a53811;automatic
455;1.6l;super black;sandstone;890648;variable
456;4.0l;aspen green metallic;beige;a53811;automatic
457;3.4l;silver diamond;;153145;automatic
458;4.0l;aspen green metallic;beige;a53811;automatic
459;2.0l;smoke beige metallic;parchment;103837;automatic
460;2.9l;yellow;gray;192870;automatic
461;3.4;white diamond;tan;212088;automatic
462;2.0l;silver ice;black;227238;automatic
463;2.9l;yellow;gray;192870;automatic
464;1.8l;santorin blue mica;opal gray;218829;automatic
465;2.2l;;;169255;automatic
466;2.9l;yellow;gray;192870;automatic
467;2.2l;;;169255;automatic
468;2.2l;;;169255;automatic
469;3.4;white diamond;tan;212088;automatic
470;2.4l;black sapphire metallic;graphite;047935;automatic
471;4.0l;aspen green metallic;beige;a53811;automatic
472;3.4l;silver diamond;;153145;automatic
473;2.0l;silver ice;black;227238;automatic
474;2.0l;silver ice;black;227238;automatic
475;1.6l;super black;sandstone;890648;variable
476;2.0l;silver ice;black;227238;automatic
477;2.9l;yellow;gray;192870;automatic
478;3.4;white diamond;tan;212088;automatic
479;3.4;white diamond;tan;212088;automatic
480;1.6l;super black;sandstone;890648;variable
481;2.9l;yellow;gray;192870;automatic
482;4.0l;aspen green metallic;beige;a53811;automatic
483;5.4l;harvest gold metallic;medium parchment;a70620;automatic
484;2.9l;yellow;gray;192870;automatic
485;2.2l;;;169255;automatic
486;2.9l;yellow;gray;192870;automatic
487;4.0l;aspen green metallic;beige;a53811;automatic
488;5.4l;harvest gold metallic;medium parchment;a70620;automatic
489;1.6l;super black;sandstone;890648;variable
490;4.0l;aspen green metallic;beige;a53811;automatic
491;1.6l;super black;sandstone;890648;variable
492;3.4;white diamond;tan;212088;automatic
493;2.4l;black sapphire metallic;graphite;047935;automatic
494;2.2l;;;169255;automatic
495;3.5l;brilliant silver;black;012686;automatic
496;3.4;white diamond;tan;212088;automatic
497;2.2l;;;169255;automatic
498;3.5l;brilliant silver;black;012686;automatic
499;4.0l;aspen green metallic;beige;a53811;automatic
500;3.4;white diamond;tan;212088;automatic
501;3.4;white diamond;tan;212088;automatic
502;5.4l;harvest gold metallic;medium parchment;a70620;automatic
503;4.0l;aspen green metallic;beige;a53811;automatic
504;3.4;white diamond;tan;212088;automatic
505;4.0l;aspen green metallic;beige;a53811;automatic
506;2.9l;yellow;gray;192870;automatic
507;1.6l;super black;sandstone;890648;variable
508;2.0l;silver ice;black;227238;automatic
509;2.9l;yellow;gray;192870;automatic
510;4.0l;aspen green metallic;beige;a53811;automatic
511;1.6l;super black;sandstone;890648;variable
512;2.9l;yellow;gray;192870;automatic
513;2.0l;silver ice;black;227238;automatic
514;4.0l;aspen green metallic;beige;a53811;automatic
515;2.4l;black sapphire metallic;graphite;047935;automatic
516;2.2l;;;169255;automatic
517;2.9l;yellow;gray;192870;automatic
518;2.9l;yellow;gray;192870;automatic
519;3.4;white diamond;tan;212088;automatic
520;2.0l;smoke beige metallic;parchment;103837;automatic
521;3.4;white diamond;tan;212088;automatic
522;3.9l;tan;black;850758;automatic
523;2.9l;yellow;gray;192870;automatic
524;1.8l;raven black pearl;ebony;068726;manual
525;1.6l;super black;sandstone;890648;variable
526;2.2l;;;169255;automatic
527;1.6l;super black;sandstone;890648;variable
528;1.6l;super black;sandstone;890648;variable
529;5.4l;harvest gold metallic;medium parchment;a70620;automatic
530;3.9l;tan;black;850758;automatic
531;1.6l;super black;sandstone;890648;variable
532;2.0l;smoke beige metallic;parchment;103837;automatic
533;3.4;white diamond;tan;212088;automatic
534;3.4;white diamond;tan;212088;automatic
535;4.0l;aspen green metallic;beige;a53811;automatic
536;2.9l;yellow;gray;192870;automatic
537;2.4l;black sapphire metallic;graphite;047935;automatic
538;4.0l;aspen green metallic;beige;a53811;automatic
539;1.6l;super black;sandstone;890648;variable
540;2.4l;black sapphire metallic;graphite;047935;automatic
541;3.4;white diamond;tan;212088;automatic
542;3.4;white diamond;tan;212088;automatic
543;1.8l;santorin blue mica;opal gray;218829;automatic
544;1.6l;super black;sandstone;890648;variable
545;1.6l;super black;sandstone;890648;variable
546;2.0l;silver ice;black;227238;automatic
547;1.8l;santorin blue mica;opal gray;218829;automatic
548;2.2l;;;169255;automatic
549;1.8l;raven black pearl;ebony;068726;manual
550;3.5l;brilliant silver;black;012686;automatic
551;3.4;white diamond;tan;212088;automatic
552;2.2l;;;169255;automatic
553;4.0l;aspen green metallic;beige;a53811;automatic
554;4.0l;aspen green metallic;beige;a53811;automatic
555;2.0l;silver ice;black;227238;automatic
556;1.8l;santorin blue mica;opal gray;218829;automatic
557;1.8l;santorin blue mica;opal gray;218829;automatic
558;4.0l;aspen green metallic;beige;a53811;automatic
559;1.6l;super black;sandstone;890648;variable
560;2.0l;silver ice;black;227238;automatic
561;2.2l;;;169255;automatic
562;2.9l;yellow;gray;192870;automatic
563;1.6l;super black;sandstone;890648;variable
564;3.4l;silver diamond;;153145;automatic
565;3.4;white diamond;tan;212088;automatic
566;2.2l;;;169255;automatic
567;3.4l;silver diamond;;153145;automatic
568;3.5l;brilliant silver;black;012686;automatic
569;1.6l;super black;sandstone;890648;variable
570;2.4l;black sapphire metallic;graphite;047935;automatic
571;2.9l;yellow;gray;192870;automatic
572;2.2l;;;169255;automatic
573;5.4l;harvest gold metallic;medium parchment;a70620;automatic
574;2.9l;yellow;gray;192870;automatic
575;4.0l;aspen green metallic;beige;a53811;automatic
576;5.4l;harvest gold metallic;medium parchment;a70620;automatic
577;3.4;white diamond;tan;212088;automatic
578;3.4;white diamond;tan;212088;automatic
579;1.6l;super black;sandstone;890648;variable
580;2.2l;;;169255;automatic
581;2.2l;;;169255;automatic
582;1.6l;super black;sandstone;890648;variable
583;4.0l;aspen green metallic;beige;a53811;automatic
584;3.5l;brilliant silver;black;012686;automatic
585;4.0l;aspen green metallic;beige;a53811;automatic
586;3.4;white diamond;tan;212088;automatic
587;2.2l;;;169255;automatic
588;2.0l;smoke beige metallic;parchment;103837;automatic
589;1.8l;raven black pearl;ebony;068726;manual
590;3.5l;brilliant silver;black;012686;automatic
591;2.2l;;;169255;automatic
592;2.2l;;;169255;automatic
593;4.2l;indigo blue metallic;gray;515618;automatic
594;5.0;silver lake;;109887;automatic
595;3.4l;bright white;earth;155878;automatic
596;2.5l;white birch;beige;628870;manual
597;5.0;silver lake;;109887;automatic
598;3.5l;brilliant silver;black;012686;automatic
599;2.5l;bright red;gray;h63651;automatic
600;3.5l;brilliant silver;black;012686;automatic
601;1.8l;santorin blue mica;opal gray;218829;automatic
602;1.8l;santorin blue mica;opal gray;218829;automatic
603;2.5l;white birch;beige;628870;manual
604;4.6l;white;;288202;automatic
605;1.5l;blue onyx pearl;dark gray;028814;automatic
606;3.5l;brilliant silver;black;012686;automatic
607;1.8l;santorin blue mica;opal gray;218829;automatic
608;4.6l;white;;288202;automatic
609;4.6l;white;;288202;automatic
610;5.0;silver lake;;109887;automatic
611;1.8l;santorin blue mica;opal gray;218829;automatic
612;3.4l;bright white;earth;155878;automatic
613;1.8l;santorin blue mica;opal gray;218829;automatic
614;3.4l;bright white;earth;155878;automatic
615;2.5l;bright red;gray;h63651;automatic
616;2.5l;white birch;beige;628870;manual
617;3.4l;bright white;earth;155878;automatic
618;4.6l;white;;288202;automatic
619;4.2l;indigo blue metallic;gray;515618;automatic
620;5.0;silver lake;;109887;automatic
621;2.5l;bright red;gray;h63651;automatic
622;2.0l;silver ice;black;227238;automatic
623;4.2l;indigo blue metallic;gray;515618;automatic
624;1.8l;santorin blue mica;opal gray;218829;automatic
625;3.5l;brilliant silver;black;012686;automatic
626;1.8l;santorin blue mica;opal gray;218829;automatic
627;5.0;silver lake;;109887;automatic
628;2.5l;white birch;beige;628870;manual
629;4.2l;indigo blue metallic;gray;515618;automatic
630;5.4l;harvest gold metallic;medium parchment;a70620;automatic
631;2.5l;bright red;gray;h63651;automatic
632;5.0;silver lake;;109887;automatic
633;4.2l;indigo blue metallic;gray;515618;automatic
634;2.5l;white birch;beige;628870;manual
635;1.5l;blue onyx pearl;dark gray;028814;automatic
636;5.4l;harvest gold metallic;medium parchment;a70620;automatic
637;4.6l;white;;288202;automatic
638;4.2l;indigo blue metallic;gray;515618;automatic
639;1.5l;blue onyx pearl;dark gray;028814;automatic
640;5.4l;harvest gold metallic;medium parchment;a70620;automatic
641;5.4l;harvest gold metallic;medium parchment;a70620;automatic
642;1.8l;santorin blue mica;opal gray;218829;automatic
643;3.4l;bright white;earth;155878;automatic
644;2.5l;bright red;gray;h63651;automatic
645;5.4l;harvest gold metallic;medium parchment;a70620;automatic
646;3.4l;bright white;earth;155878;automatic
647;4.2l;indigo blue metallic;gray;515618;automatic
648;2.5l;bright red;gray;h63651;automatic
649;1.8l;santorin blue mica;opal gray;218829;automatic
650;1.5l;blue onyx pearl;dark gray;028814;automatic
651;5.0;silver lake;;109887;automatic
652;4.2l;indigo blue metallic;gray;515618;automatic
653;3.4l;bright white;earth;155878;automatic
654;1.5l;blue onyx pearl;dark gray;028814;automatic
655;3.4l;bright white;earth;155878;automatic
656;1.5l;blue onyx pearl;dark gray;028814;automatic
657;3.4l;bright white;earth;155878;automatic
658;3.4l;bright white;earth;155878;automatic
659;1.8l;santorin blue mica;opal gray;218829;automatic
660;5.0;silver lake;;109887;automatic
661;5.0;silver lake;;109887;automatic
662;1.5l;blue onyx pearl;dark gray;028814;automatic
663;2.0l;silver ice;black;227238;automatic
664;2.0l;silver ice;black;227238;automatic
665;5.0;silver lake;;109887;automatic
666;2.0l;silver ice;black;227238;automatic
667;1.8l;santorin blue mica;opal gray;218829;automatic
668;4.6l;white;;288202;automatic
669;3.5l;brilliant silver;black;012686;automatic
670;3.4l;bright white;earth;155878;automatic
671;4.2l;indigo blue metallic;gray;515618;automatic
672;1.5l;blue onyx pearl;dark gray;028814;automatic
673;4.6l;white;;288202;automatic
674;5.4l;harvest gold metallic;medium parchment;a70620;automatic
675;2.5l;bright red;gray;h63651;automatic
676;5.4l;harvest gold metallic;medium parchment;a70620;automatic
677;3.4l;bright white;earth;155878;automatic
678;1.8l;santorin blue mica;opal gray;218829;automatic
679;1.8l;santorin blue mica;opal gray;218829;automatic
680;5.0;silver lake;;109887;automatic
681;1.8l;santorin blue mica;opal gray;218829;automatic
682;1.5l;blue onyx pearl;dark gray;028814;automatic
683;1.5l;blue onyx pearl;dark gray;028814;automatic
684;1.5l;blue onyx pearl;dark gray;028814;automatic
685;1.5l;blue onyx pearl;dark gray;028814;automatic
686;2.0l;silver ice;black;227238;automatic
687;1.5l;blue onyx pearl;dark gray;028814;automatic
688;1.8l;santorin blue mica;opal gray;218829;automatic
689;3.4l;bright white;earth;155878;automatic
690;5.4l;harvest gold metallic;medium parchment;a70620;automatic
691;3.4l;bright white;earth;155878;automatic
692;5.4l;harvest gold metallic;medium parchment;a70620;automatic
693;1.5l;blue onyx pearl;dark gray;028814;automatic
694;4.6l;white;;288202;automatic
695;3.5l;brilliant silver;black;012686;automatic
696;3.5l;brilliant silver;black;012686;automatic
697;4.6l;white;;288202;automatic
698;4.2l;indigo blue metallic;gray;515618;automatic
699;2.5l;white birch;beige;628870;manual
700;5.0;silver lake;;109887;automatic
701;2.5l;bright red;gray;h63651;automatic
702;4.6l;white;;288202;automatic
703;3.4l;bright white;earth;155878;automatic
704;3.5l;brilliant silver;black;012686;automatic
705;4.2l;indigo blue metallic;gray;515618;automatic
706;1.5l;blue onyx pearl;dark gray;028814;automatic
707;2.5l;bright red;gray;h63651;automatic
708;5.4l;harvest gold metallic;medium parchment;a70620;automatic
709;3.5l;brilliant silver;black;012686;automatic
710;2.0l;silver ice;black;227238;automatic
711;3.4l;bright white;earth;155878;automatic
712;1.5l;blue onyx pearl;dark gray;028814;automatic
713;2.5l;bright red;gray;h63651;automatic
714;3.4l;bright white;earth;155878;automatic
715;2.5l;bright red;gray;h63651;automatic
716;2.5l;bright red;gray;h63651;automatic
717;2.5l;bright red;gray;h63651;automatic
718;4.6l;white;;288202;automatic
719;4.6l;white;;288202;automatic
720;5.0;silver lake;;109887;automatic
721;1.8l;santorin blue mica;opal gray;218829;automatic
722;5.4l;harvest gold metallic;medium parchment;a70620;automatic
723;1.8l;santorin blue mica;opal gray;218829;automatic
724;4.2l;indigo blue metallic;gray;515618;automatic
725;4.2l;indigo blue metallic;gray;515618;automatic
726;1.5l;blue onyx pearl;dark gray;028814;automatic
727;1.8l;santorin blue mica;opal gray;218829;automatic
728;2.5l;white birch;beige;628870;manual
729;5.0;silver lake;;109887;automatic
730;1.8l;santorin blue mica;opal gray;218829;automatic
731;2.5l;white birch;beige;628870;manual
732;2.5l;bright red;gray;h63651;automatic
733;1.8l;santorin blue mica;opal gray;218829;automatic
734;2.5l;white birch;beige;628870;manual
735;4.6l;white;;288202;automatic
736;4.6l;white;;288202;automatic
737;1.8l;santorin blue mica;opal gray;218829;automatic
738;2.5l;white birch;beige;628870;manual
739;5.0;silver lake;;109887;automatic
740;4.2l;indigo blue metallic;gray;515618;automatic
741;3.4l;bright white;earth;155878;automatic
742;2.0l;silver ice;black;227238;automatic
743;2.5l;bright red;gray;h63651;automatic
744;4.6l;white;;288202;automatic
745;2.0l;silver ice;black;227238;automatic
746;5.4l;harvest gold metallic;medium parchment;a70620;automatic
747;3.5l;brilliant silver;black;012686;automatic
748;4.6l;white;;288202;automatic
749;5.4l;harvest gold metallic;medium parchment;a70620;automatic
750;3.5l;brilliant silver;black;012686;automatic
751;4.2l;indigo blue metallic;gray;515618;automatic
752;1.8l;santorin blue mica;opal gray;218829;automatic
753;4.2l;indigo blue metallic;gray;515618;automatic
754;4.2l;indigo blue metallic;gray;515618;automatic
755;2.0l;silver ice;black;227238;automatic
756;4.6l;white;;288202;automatic
757;3.5l;brilliant silver;black;012686;automatic
758;1.5l;blue onyx pearl;dark gray;028814;automatic
759;2.0l;silver ice;black;227238;automatic
760;1.5l;blue onyx pearl;dark gray;028814;automatic
761;5.0;silver lake;;109887;automatic
762;3.4l;bright white;earth;155878;automatic
763;2.5l;bright red;gray;h63651;automatic
764;5.0;silver lake;;109887;automatic
765;1.5l;blue onyx pearl;dark gray;028814;automatic
766;3.5l;brilliant silver;black;012686;automatic
767;1.8l;santorin blue mica;opal gray;218829;automatic
768;2.5l;bright red;gray;h63651;automatic
769;5.4l;harvest gold metallic;medium parchment;a70620;automatic
770;2.5l;bright red;gray;h63651;automatic
771;2.0l;silver ice;black;227238;automatic
772;2.5l;bright red;gray;h63651;automatic
773;3.5l;brilliant silver;black;012686;automatic
774;1.8l;santorin blue mica;opal gray;218829;automatic
775;5.0;silver lake;;109887;automatic
776;4.6l;white;;288202;automatic
777;4.2l;indigo blue metallic;gray;515618;automatic
778;2.5l;white birch;beige;628870;manual
779;5.0;silver lake;;109887;automatic
780;5.0;silver lake;;109887;automatic
781;2.5l;bright red;gray;h63651;automatic
782;1.8l;santorin blue mica;opal gray;218829;automatic
783;3.4l;bright white;earth;155878;automatic
784;1.8l;santorin blue mica;opal gray;218829;automatic
785;4.2l;indigo blue metallic;gray;515618;automatic
786;4.6l;white;;288202;automatic
787;4.2l;indigo blue metallic;gray;515618;automatic
788;1.8l;santorin blue mica;opal gray;218829;automatic
789;4.6l;white;;288202;automatic
790;6.0l;dark blue metallic;medium pewter;130349;automatic
791;6.0l;dark blue metallic;medium pewter;130349;automatic
792;6.0l;dark blue metallic;medium pewter;130349;automatic
793;6.0l;dark blue metallic;medium pewter;130349;automatic
794;6.0l;dark blue metallic;medium pewter;130349;automatic
795;6.0l;dark blue metallic;medium pewter;130349;automatic
796;6.0l;dark blue metallic;medium pewter;130349;automatic
797;6.0l;dark blue metallic;medium pewter;130349;automatic
798;6.0l;dark blue metallic;medium pewter;130349;automatic
799;6.0l;dark blue metallic;medium pewter;130349;automatic
800;6.8;oxford white;medium parchment;d54658;automatic
801;5.7;maroon;granite;155066;automatic
802;3.5l;ruby red pearl;black;001310t;automatic
803;3.8l;black;gray;157422;automatic
804;5.0l;ultimate black;london tan;v46157;automatic
805;3.8l;black;gray;157422;automatic
806;5.7;maroon;granite;155066;automatic
807;5.7;maroon;granite;155066;automatic
808;5.7;maroon;granite;155066;automatic
809;5.7;maroon;granite;155066;automatic
810;6.0l;dark blue metallic;medium pewter;130349;automatic
811;3.5l;ruby red pearl;black;001310t;automatic
812;6.8;oxford white;medium parchment;d54658;automatic
813;6.8;oxford white;medium parchment;d54658;automatic
814;3.5l;ruby red pearl;black;001310t;automatic
815;2.2l;blue flash metallic;gray;285033;automatic
816;3.5l;nighthawk black pearl;ebony;509165;automatic
817;3.5l;nighthawk black pearl;ebony;509165;automatic
818;2.0l;pitch black;black/blue;180330;manual
819;3.8l;black;gray;157422;automatic
820;3.8l;black;gray;157422;automatic
821;3.8l;black;gray;157422;automatic
822;6.8;oxford white;medium parchment;d54658;automatic
823;5.2l;forest green pearl;mist gray;209775;automatic
824;3.8l;black;gray;157422;automatic
825;6.0l;dark blue metallic;medium pewter;130349;automatic
826;5.7;maroon;granite;155066;automatic
827;3.8l;black;gray;157422;automatic
828;5.7;maroon;granite;155066;automatic
829;3.5l;ruby red pearl;black;001310t;automatic
830;;black onyx;;103913;manual
831;6.8;oxford white;medium parchment;d54658;automatic
832;6.8;oxford white;medium parchment;d54658;automatic
833;6.0l;dark blue metallic;medium pewter;130349;automatic
834;6.8;oxford white;medium parchment;d54658;automatic
835;3.8l;black;gray;157422;automatic
836;3.5l;ruby red pearl;black;001310t;automatic
837;6.8;oxford white;medium parchment;d54658;automatic
838;2.4l;red;bisque;284297;automatic
839;6.8;oxford white;medium parchment;d54658;automatic
840;3.5l;ruby red pearl;black;001310t;automatic
841;5.7;maroon;granite;155066;automatic
842;5.7;maroon;granite;155066;automatic
843;6.8;oxford white;medium parchment;d54658;automatic
844;3.8l;black;gray;157422;automatic
845;6.8;oxford white;medium parchment;d54658;automatic
846;5.7;maroon;granite;155066;automatic
847;6.8;oxford white;medium parchment;d54658;automatic
848;6.8;oxford white;medium parchment;d54658;automatic
849;2.4l;red;bisque;284297;automatic
850;3.5l;ruby red pearl;black;001310t;automatic
851;3.5l;ruby red pearl;black;001310t;automatic
852;3.8l;black;gray;157422;automatic
853;6.8;oxford white;medium parchment;d54658;automatic
854;6.0l;dark blue metallic;medium pewter;130349;automatic
855;3.5l;ruby red pearl;black;001310t;automatic
856;6.0l;dark blue metallic;medium pewter;130349;automatic
857;2.0l;pitch black;black/blue;180330;manual
858;5.2l;forest green pearl;mist gray;209775;automatic
859;5.2l;forest green pearl;mist gray;209775;automatic
860;6.8;oxford white;medium parchment;d54658;automatic
861;2.0l;pitch black;black/blue;180330;manual
862;3.8l;black;gray;157422;automatic
863;3.5l;ruby red pearl;black;001310t;automatic
864;5.7;maroon;granite;155066;automatic
865;6.0l;dark blue metallic;medium pewter;130349;automatic
866;6.8;oxford white;medium parchment;d54658;automatic
867;3.5l;nighthawk black pearl;ebony;509165;automatic
868;6.0l;dark blue metallic;medium pewter;130349;automatic
869;5.7;maroon;granite;155066;automatic
870;6.8;oxford white;medium parchment;d54658;automatic
871;5.7;maroon;granite;155066;automatic
872;3.8l;black;gray;157422;automatic
873;2.0l;pitch black;black/blue;180330;manual
874;6.8;oxford white;medium parchment;d54658;automatic
875;3.5l;nighthawk black pearl;ebony;509165;automatic
876;3.5l;ruby red pearl;black;001310t;automatic
877;5.2l;forest green pearl;mist gray;209775;automatic
878;5.7;maroon;granite;155066;automatic
879;3.5l;ruby red pearl;black;001310t;automatic
880;5.7;maroon;granite;155066;automatic
881;5.7;maroon;granite;155066;automatic
882;6.0l;dark blue metallic;medium pewter;130349;automatic
883;3.8l;black;gray;157422;automatic
884;5.7;maroon;granite;155066;automatic
885;3.8l;black;gray;157422;automatic
886;5.0l;ultimate black;london tan;v46157;automatic
887;6.8;oxford white;medium parchment;d54658;automatic
888;3.8l;black;gray;157422;automatic
889;6.8;oxford white;medium parchment;d54658;automatic
890;5.7;maroon;granite;155066;automatic
891;3.8l;black;gray;157422;automatic
892;3.8l;black;gray;157422;automatic
893;3.8l;black;gray;157422;automatic
894;5.7;maroon;granite;155066;automatic
895;3.8l;black;gray;157422;automatic
896;3.8l;black;gray;157422;automatic
897;6.0l;dark blue metallic;medium pewter;130349;automatic
898;6.0l;dark blue metallic;medium pewter;130349;automatic
899;5.7;maroon;granite;155066;automatic
900;5.2l;forest green pearl;mist gray;209775;automatic
901;3.4;white diamond;tan;212088;automatic
902;3.4;white diamond;tan;212088;automatic
903;3.5l;nighthawk black pearl;ebony;509165;automatic
904;4.6l;white diamond;cashmere;165648;automatic
905;5.0l;ultimate black;london tan;v46157;automatic
906;2.2l;blue flash metallic;gray;285033;automatic
907;4.6l;white diamond;cashmere;165648;automatic
908;6.0l;tan;;112307;automatic
909;1.6l;noble white;tan;360301;automatic
910;3.5l;nighthawk black pearl;ebony;509165;automatic
911;3.5l;black boston;;314625;automatic
912;4.6l;white diamond;cashmere;165648;automatic
913;4.6l;white diamond;cashmere;165648;automatic
914;2.4l;red;bisque;284297;automatic
915;3.5l;nighthawk black pearl;ebony;509165;automatic
916;2.2l;blue flash metallic;gray;285033;automatic
917;3.5l;black boston;;314625;automatic
918;5.2l;forest green pearl;mist gray;209775;automatic
919;2.4l;red;bisque;284297;automatic
920;4.6l;white diamond;cashmere;165648;automatic
921;3.4;white diamond;tan;212088;automatic
922;5.2l;forest green pearl;mist gray;209775;automatic
923;5.2l;forest green pearl;mist gray;209775;automatic
924;4.6l;white diamond;cashmere;165648;automatic
925;3.4;white diamond;tan;212088;automatic
926;6.0l;tan;;112307;automatic
927;3.5l;black boston;;314625;automatic
928;3.5l;black boston;;314625;automatic
929;4.6l;white diamond;cashmere;165648;automatic
930;4.6l;white diamond;cashmere;165648;automatic
931;3.5l;black boston;;314625;automatic
932;3.5l;black boston;;314625;automatic
933;3.4;white diamond;tan;212088;automatic
934;3.4;white diamond;tan;212088;automatic
935;3.5l;nighthawk black pearl;ebony;509165;automatic
936;3.4;white diamond;tan;212088;automatic
937;2.2l;blue flash metallic;gray;285033;automatic
938;1.6l;noble white;tan;360301;automatic
939;2.0l;shimmering silver;black;121641;automatic
940;3.5l;nighthawk black pearl;ebony;509165;automatic
941;2.4l;red;bisque;284297;automatic
942;2.4l;red;bisque;284297;automatic
943;3.4;white diamond;tan;212088;automatic
944;5.2l;forest green pearl;mist gray;209775;automatic
945;3.5l;nighthawk black pearl;ebony;509165;automatic
946;5.2l;forest green pearl;mist gray;209775;automatic
947;3.5l;nighthawk black pearl;ebony;509165;automatic
948;4.6l;white diamond;cashmere;165648;automatic
949;4.0l;silver birch metallic;gray;d15780;automatic
950;4.6l;white diamond;cashmere;165648;automatic
951;4.0l;silver birch metallic;gray;d15780;automatic
952;3.5l;nighthawk black pearl;ebony;509165;automatic
953;4.0l;silver birch metallic;gray;d15780;automatic
954;4.6l;white diamond;cashmere;165648;automatic
955;2.4l;red;bisque;284297;automatic
956;3.5l;black boston;;314625;automatic
957;5.2l;forest green pearl;mist gray;209775;automatic
958;3.5l;nighthawk black pearl;ebony;509165;automatic
959;2.4l;red;bisque;284297;automatic
960;1.6l;noble white;tan;360301;automatic
961;5.2l;forest green pearl;mist gray;209775;automatic
962;3.5l;nighthawk black pearl;ebony;509165;automatic
963;2.0l;pitch black;black/blue;180330;manual
964;2.0l;pitch black;black/blue;180330;manual
965;5.2l;forest green pearl;mist gray;209775;automatic
966;3.5l;nighthawk black pearl;ebony;509165;automatic
967;2.4l;red;bisque;284297;automatic
968;2.4l;red;bisque;284297;automatic
969;3.5l;black boston;;314625;automatic
970;3.5l;black boston;;314625;automatic
971;2.0l;pitch black;black/blue;180330;manual
972;4.0l;silver birch metallic;gray;d15780;automatic
973;2.4l;red;bisque;284297;automatic
974;3.5l;black boston;;314625;automatic
975;2.4l;red;bisque;284297;automatic
976;2.0l;pitch black;black/blue;180330;manual
977;3.4l;bright white;earth;155878;automatic
978;5.0l;ultimate black;london tan;v46157;automatic
979;2.2l;blue flash metallic;gray;285033;automatic
980;2.0l;pitch black;black/blue;180330;manual
981;5.2l;forest green pearl;mist gray;209775;automatic
982;5.2l;forest green pearl;mist gray;209775;automatic
983;5.0l;ultimate black;london tan;v46157;automatic
984;3.5l;black boston;;314625;automatic
985;4.0l;silver birch metallic;gray;d15780;automatic
986;2.2l;blue flash metallic;gray;285033;automatic
987;4.0l;silver birch metallic;gray;d15780;automatic
988;3.4;white diamond;tan;212088;automatic
989;2.0l;pitch black;black/blue;180330;manual
990;2.0l;pitch black;black/blue;180330;manual
991;2.4l;red;bisque;284297;automatic
992;4.6l;white diamond;cashmere;165648;automatic
993;3.4;white diamond;tan;212088;automatic
994;2.0l;pitch black;black/blue;180330;manual
995;4.6l;white diamond;cashmere;165648;automatic
996;2.4l;red;bisque;284297;automatic
997;3.4;white diamond;tan;212088;automatic
998;3.4;white diamond;tan;212088;automatic
999;2.4l;red;bisque;284297;automatic
1000;2.4l;red;bisque;284297;automatic
1001;5.0l;ultimate black;london tan;v46157;automatic
1002;2.0l;pitch black;black/blue;180330;manual
1003;3.4;white diamond;tan;212088;automatic
1004;3.5l;nighthawk black pearl;ebony;509165;automatic
1005;2.2l;blue flash metallic;gray;285033;automatic
1006;5.2l;forest green pearl;mist gray;209775;automatic
1007;4.6l;white diamond;cashmere;165648;automatic
1008;2.4l;red;bisque;284297;automatic
1009;3.4;white diamond;tan;212088;automatic
1010;3.4;white diamond;tan;212088;automatic
1011;5.2l;forest green pearl;mist gray;209775;automatic
1012;4.6l;white diamond;cashmere;165648;automatic
1013;3.5l;nighthawk black pearl;ebony;509165;automatic
1014;3.5l;black boston;;314625;automatic
1015;5.2l;forest green pearl;mist gray;209775;automatic
1016;3.5l;nighthawk black pearl;ebony;509165;automatic
1017;5.2l;forest green pearl;mist gray;209775;automatic
1018;5.0l;ultimate black;london tan;v46157;automatic
1019;2.4l;red;bisque;284297;automatic
1020;2.4l;red;bisque;284297;automatic
1021;5.2l;forest green pearl;mist gray;209775;automatic
1022;3.4l;bright white;earth;155878;automatic
1023;3.5l;nighthawk black pearl;ebony;509165;automatic
1024;2.0l;pitch black;black/blue;180330;manual
1025;2.0l;pitch black;black/blue;180330;manual
1026;4.6l;white diamond;cashmere;165648;automatic
1027;2.0l;pitch black;black/blue;180330;manual
1028;3.5l;nighthawk black pearl;ebony;509165;automatic
1029;3.4;white diamond;tan;212088;automatic
1030;4.0l;silver birch metallic;gray;d15780;automatic
1031;2.4l;red;bisque;284297;automatic
1032;3.5l;black boston;;314625;automatic
1033;5.7;blue;graphite gray;151343tr2;manual
1034;4.6l;grabber blue;gray;b33292;automatic
1035;5.2l;white lighting;;563872;automatic
1036;4.9;purplish silver metallic;gray;b74682;automatic
1037;4.0l;silver birch metallic;gray;d15780;automatic
1038;4.6l;grabber blue;gray;b33292;automatic
1039;3.5l;redfire metallic;beige;176579;automatic
1040;5.7;yellow;black;110396;automatic
1041;5.2l;white lighting;;563872;automatic
1042;3.3l;deep slate pearl;gray;787851;automatic
1043;3.4;white diamond;tan;212088;automatic
1044;3.3l;deep slate pearl;gray;787851;automatic
1045;5.2l;white lighting;;563872;automatic
1046;4.6l;grabber blue;gray;b33292;automatic
1047;5.7;yellow;black;110396;automatic
1048;4.6l;grabber blue;gray;b33292;automatic
1049;5.7;yellow;black;110396;automatic
1050;5.7;blue;graphite gray;151343tr2;manual
1051;4.9;purplish silver metallic;gray;b74682;automatic
1052;5.7;blue;graphite gray;151343tr2;manual
1053;5.2l;white lighting;;563872;automatic
1054;5.2l;white lighting;;563872;automatic
1055;4.9;purplish silver metallic;gray;b74682;automatic
1056;5.7;yellow;black;110396;automatic
1057;3.5l;alpine white;omaha orange;606244;automatic
1058;4.6l;grabber blue;gray;b33292;automatic
1059;4.6l;grabber blue;gray;b33292;automatic
1060;5.7;yellow;black;110396;automatic
1061;4.6l;white diamond;cashmere;165648;automatic
1062;3.5l;black boston;;314625;automatic
1063;3.5l;black boston;;314625;automatic
1064;4.6l;grabber blue;gray;b33292;automatic
1065;4.6l;white diamond;cashmere;165648;automatic
1066;5.7;blue;graphite gray;151343tr2;manual
1067;5.7;yellow;black;110396;automatic
1068;3.5l;alpine white;omaha orange;606244;automatic
1069;;black;black;410713;manual
1070;5.7;yellow;black;110396;automatic
1071;3.3l;deep slate pearl;gray;787851;automatic
1072;4.9;purplish silver metallic;gray;b74682;automatic
1073;5.2l;white lighting;;563872;automatic
1074;5.7;blue;graphite gray;151343tr2;manual
1075;3.5l;alpine white;omaha orange;606244;automatic
1076;5.7;yellow;black;110396;automatic
1077;4.6l;grabber blue;gray;b33292;automatic
1078;5.7;blue;graphite gray;151343tr2;manual
1079;4.9;purplish silver metallic;gray;b74682;automatic
1080;5.7;yellow;black;110396;automatic
1081;4.6l;grabber blue;gray;b33292;automatic
1082;4.6l;grabber blue;gray;b33292;automatic
1083;5.2l;white lighting;;563872;automatic
1084;4.6l;grabber blue;gray;b33292;automatic
1085;5.7;yellow;black;110396;automatic
1086;4.6l;white diamond;cashmere;165648;automatic
1087;4.9;purplish silver metallic;gray;b74682;automatic
1088;5.7;yellow;black;110396;automatic
1089;5.2l;white lighting;;563872;automatic
1090;3.5l;alpine white;omaha orange;606244;automatic
1091;3.8l;white;;118983t;automatic
1092;5.7;blue;graphite gray;151343tr2;manual
1093;3.5l;black boston;;314625;automatic
1094;3.4;white diamond;tan;212088;automatic
1095;3.5l;black boston;;314625;automatic
1096;5.7;blue;graphite gray;151343tr2;manual
1097;5.7;blue;graphite gray;151343tr2;manual
1098;5.7;blue;graphite gray;151343tr2;manual
1099;4.6l;grabber blue;gray;b33292;automatic
1100;4.9;purplish silver metallic;gray;b74682;automatic
1101;3.5l;alpine white;omaha orange;606244;automatic
1102;5.7;blue;graphite gray;151343tr2;manual
1103;5.7;blue;graphite gray;151343tr2;manual
1104;4.9;purplish silver metallic;gray;b74682;automatic
1105;5.7;blue;graphite gray;151343tr2;manual
1106;5.7;blue;graphite gray;151343tr2;manual
1107;4.9;purplish silver metallic;gray;b74682;automatic
1108;5.7;yellow;black;110396;automatic
1109;3.5l;alpine white;omaha orange;606244;automatic
1110;3.5l;alpine white;omaha orange;606244;automatic
1111;4.9;purplish silver metallic;gray;b74682;automatic
1112;3.3l;deep slate pearl;gray;787851;automatic
1113;5.7;blue;graphite gray;151343tr2;manual
1114;4.9;purplish silver metallic;gray;b74682;automatic
1115;3.5l;black boston;;314625;automatic
1116;3.8l;white;;118983t;automatic
1117;4.6l;grabber blue;gray;b33292;automatic
1118;3.8l;white;;118983t;automatic
1119;5.2l;white lighting;;563872;automatic
1120;5.7;yellow;black;110396;automatic
1121;4.9;purplish silver metallic;gray;b74682;automatic
1122;5.7;blue;graphite gray;151343tr2;manual
1123;5.7;yellow;black;110396;automatic
1124;4.6l;grabber blue;gray;b33292;automatic
1125;3.3l;deep slate pearl;gray;787851;automatic
1126;5.2l;white lighting;;563872;automatic
1127;4.9;purplish silver metallic;gray;b74682;automatic
1128;5.7;yellow;black;110396;automatic
1129;4.9;purplish silver metallic;gray;b74682;automatic
1130;4.6l;grabber blue;gray;b33292;automatic
1131;3.4;white diamond;tan;212088;automatic
1132;4.9;purplish silver metallic;gray;b74682;automatic
1133;3.5l;black boston;;314625;automatic
1134;5.7;yellow;black;110396;automatic
1135;5.7;blue;graphite gray;151343tr2;manual
1136;3.5l;black boston;;314625;automatic
1137;;black;black;200444;automatic
1138;3.3l;deep slate pearl;gray;787851;automatic
1139;5.2l;white lighting;;563872;automatic
1140;5.7;yellow;black;110396;automatic
1141;4.6l;grabber blue;gray;b33292;automatic
1142;4.6l;grabber blue;gray;b33292;automatic
1143;5.7;yellow;black;110396;automatic
1144;5.2l;white lighting;;563872;automatic
1145;4.6l;grabber blue;gray;b33292;automatic
1146;3.3l;deep slate pearl;gray;787851;automatic
1147;5.2l;white lighting;;563872;automatic
1148;4.6l;grabber blue;gray;b33292;automatic
1149;4.6l;grabber blue;gray;b33292;automatic
1150;3.8l;white;;118983t;automatic
1151;3.5l;alpine white;omaha orange;606244;automatic
1152;5.7;blue;graphite gray;151343tr2;manual
1153;5.2l;white lighting;;563872;automatic
1154;4.9;purplish silver metallic;gray;b74682;automatic
1155;3.8l;white;;118983t;automatic
1156;3.5l;redfire metallic;beige;176579;automatic
1157;5.7;yellow;black;110396;automatic
1158;3.5l;alpine white;omaha orange;606244;automatic
1159;5.7;yellow;black;110396;automatic
1160;5.2l;white lighting;;563872;automatic
1161;4.9;purplish silver metallic;gray;b74682;automatic
1162;4.9;purplish silver metallic;gray;b74682;automatic
1163;3.4;white diamond;tan;212088;automatic
1164;5.7;blue;graphite gray;151343tr2;manual
1165;5.2l;white lighting;;563872;automatic
1166;4.9;purplish silver metallic;gray;b74682;automatic
1167;5.7;blue;graphite gray;151343tr2;manual
1168;4.6l;white diamond;cashmere;165648;automatic
1169;4.0l;silver birch metallic;gray;d15780;automatic
1170;4.9;purplish silver metallic;gray;b74682;automatic
1171;5.2l;white lighting;;563872;automatic
1172;5.2l;white lighting;;563872;automatic
1173;5.2l;white lighting;;563872;automatic
1174;3.8l;white;;118983t;automatic
1175;5.2l;white lighting;;563872;automatic
1176;3.3l;deep slate pearl;gray;787851;automatic
1177;3.8l;white;;118983t;automatic
1178;3.3l;deep slate pearl;gray;787851;automatic
1179;3.3l;deep slate pearl;gray;787851;automatic
1180;3.8l;white;;118983t;automatic
1181;3.8l;white;;118983t;automatic
1182;3.3l;deep slate pearl;gray;787851;automatic
1183;3.3l;deep slate pearl;gray;787851;automatic
1184;3.8l;white;;118983t;automatic
1185;3.3l;deep slate pearl;gray;787851;automatic
1186;3.8l;white;;118983t;automatic
1187;3.8l;white;;118983t;automatic
1188;3.8l;white;;118983t;automatic
1189;3.3l;deep slate pearl;gray;787851;automatic
1190;3.3l;deep slate pearl;gray;787851;automatic
1191;3.8l;white;;118983t;automatic
1192;3.8l;white;;118983t;automatic
1193;3.3l;deep slate pearl;gray;787851;automatic
1194;3.3l;deep slate pearl;gray;787851;automatic
1195;3.8l;white;;118983t;automatic
1196;3.3l;deep slate pearl;gray;787851;automatic
1197;3.3l;deep slate pearl;gray;787851;automatic
1198;3.8l;white;;118983t;automatic
1199;3.8l;white;;118983t;automatic
1200;3.3l;deep slate pearl;gray;787851;automatic
1201;3.8l;white;;118983t;automatic
1202;3.8l;white;;118983t;automatic